word,frequency
i,2459
senator,1304
president,844
from,768
senate,662
shall,587
my,389
you,388
majority,362
has,362
we,356
have,348
leader,336
vote,298
do,294
consent,289
unanimous,289
present,288
thank,282
any,280
madam,257
ask,245
all,236
would,234
committee,230
which,229
been,221
states,216
our,216
united,215
debate,209
without,209
mr,202
point,202
support,199
secretary,195
lincoln,195
nomination,191
chair,188
am,180
about,178
pro,177
minority,170
yield,170
order,170
like,161
well,160
motion,156
so,155
quorum,153
floor,150
move,149
can,148
caucus,147
take,147
olympia,147
time,144
jackson,144
bill,143
against,142
may,141
preside,140
tempore,139
state,134
should,132
up,128
rise,128
me,123
foreign,122
his,120
put,119
he,117
office,116
presiding,116
constitution,113
after,113
general,113
your,109
frontier,109
purpose,108
out,108
who,105
true,105
call,105
pacifica,104
more,103
rules,103
ranking,101
senators,100
also,100
what,99
faith,98
reservation,98
officer,97
duties,96
mental,96
allegiance,95
one,94
discharge,94
bear,94
defend,94
when,94
faithfully,93
swear,93
legislation,93
referred,93
obligation,93
does,93
junior,92
proceed,91
refer,90
believe,90
thinks,90
just,89
solemnly,87
question,86
being,85
24,84
right,84
vice,83
made,83
following,81
member,81
its,80
pluribus,79
before,78
having,78
back,77
2,76
than,73
make,73
objection,73
both,73
members,73
people,72
hearing,72
help,72
request,70
welfare,70
other,69
bills,68
some,68
hours,68
congress,68
need,68
now,68
senior,68
only,67
must,67
spo,66
while,66
gentleman,64
under,64
nominee,64
her,64
recognized,63
new,62
1,61
act,61
resolution,61
affirm,60
american,59
voting,59
rule,59
please,58
hersey,57
over,57
house,57
judiciary,57
us,57
relations,56
through,56
because,56
progressive,55
federal,55
amendment,54
noted,54
agreed,54
yields,53
speak,53
go,53
had,52
seeing,51
were,51
get,51
chamber,51
open,51
next,50
why,49
how,49
congratulations,48
note,48
where,48
even,48
votes,48
long,48
business,48
colleagues,47
here,47
suspend,46
second,46
hour,46
hand,46
twos,46
first,46
two,46
those,46
section,45
body,45
john,45
bring,45
nominations,44
executive,44
work,44
until,44
within,44
wish,44
session,43
still,43
gavel,43
object,43
today,43
could,43
colleague,42
repeat,42
ross,42
very,42
commence,41
court,41
conservative,40
cannot,40
simply,40
composition,39
say,39
called,39
sun,39
3,38
good,38
raise,37
4,37
axel,37
pass,37
come,36
wolf,36
withdraw,36
favorably,36
same,36
voted,36
already,36
james,36
nord,36
ppt,35
charles,35
during,35
connor,35
election,35
consider,34
period,34
government,34
balance,34
she,34
objections,34
national,33
way,33
much,33
cloture,33
see,33
most,32
lemaire,32
become,32
moctezuma,32
urge,32
absence,31
5,31
think,31
due,31
many,31
honorable,31
great,31
anka,30
parliamentary,30
them,30
ducky,30
too,30
cg,30
want,30
given,30
allar,29
record,29
every,29
wonders,29
someone,29
know,29
whether,29
serve,29
answer,28
walks,28
amend,28
hope,28
chairman,28
further,28
judicial,28
seek,27
since,27
something,27
whitmer,27
kayla,27
last,27
another,27
left,27
upon,27
republican,26
public,26
occurs,26
passed,26
gentlewoman,26
doing,26
questions,26
provide,26
norman,26
assignments,26
allow,26
nothing,26
him,26
considered,26
reconsider,25
hold,25
currently,25
approaches,25
military,25
inquiry,25
rome,25
district,25
position,25
once,25
rights,25
speech,25
important,25
rather,25
threes,25
part,24
acting,24
job,24
done,24
issue,24
live,24
uc,23
service,23
pieces,23
current,23
give,23
opposition,23
fontenot,23
did,23
favor,23
able,22
political,22
8,22
end,22
taken,22
hear,22
server,22
between,22
use,22
morales,22
working,22
administration,22
athena,22
past,22
best,22
diana,22
continue,22
brought,21
6,21
down,21
proposed,21
carter,21
person,21
statute,21
tax,21
instead,21
international,21
day,21
used,21
amended,21
ruling,21
nato,21
asked,21
let,20
derek,20
regarding,20
find,20
department,20
vacant,20
lickington,20
kearsley,20
ambassador,20
appeal,20
power,20
desk,20
9,20
motions,20
address,20
going,20
yes,20
fact,20
things,20
own,20
look,19
elected,19
passage,19
cast,19
said,19
grant,19
funding,19
making,19
emperio,19
zach,19
pursuant,19
table,19
failed,19
few,19
sits,19
consideration,19
therefore,18
around,18
recent,18
means,18
zimmerman,18
respect,18
concerns,18
especially,18
require,18
stand,18
waits,18
reserve,18
noting,18
unum,18
again,18
seaver,18
evander,18
myself,18
sure,18
matter,18
country,18
res,18
side,18
strong,17
start,17
forward,17
role,17
agree,17
nation,17
across,17
requests,17
speaker,17
change,17
aye,17
actions,17
noah,17
spending,17
legislative,17
posting,17
confirmation,17
sense,16
takes,16
leave,16
nor,16
standing,16
held,16
reclaim,16
america,16
adjourned,16
case,16
allowed,16
submit,16
notes,16
issues,16
recognition,16
attorney,16
berry,16
full,16
pickle,16
thus,16
justice,15
presidential,15
needs,15
show,15
roll,15
park,15
author,15
money,15
kallis,15
remain,15
approach,15
independent,15
encourage,15
compelled,15
women,15
men,15
referring,15
article,15
stop,15
seen,15
mourning,15
fellow,15
americans,15
necessary,15
walter,15
amendments,15
agencies,15
environment,15
extend,15
ensure,15
pay,15
step,15
process,15
constitutional,14
10,14
lead,14
supporting,14
correct,14
law,14
falcone,14
concur,14
personal,14
reason,14
courts,14
sitting,14
each,14
really,14
including,14
judge,14
either,14
name,14
policy,14
countries,14
stated,14
attempt,14
congressional,14
yet,14
better,14
pierre,14
budget,14
e,14
raises,14
previous,14
agency,14
begin,14
understand,14
union,14
hammond,13
intend,13
respective,13
least,13
environmental,13
social,13
anything,13
close,13
proceedings,13
capacity,13
different,13
dollars,13
nominees,13
says,13
water,13
feel,13
adjournment,13
requires,13
empy,13
officially,13
sine,13
establish,13
appropriate,13
submits,13
respond,13
based,13
towards,13
wait,13
human,13
heard,13
kasparian,13
experience,13
qualified,13
comments,13
presence,13
majldr,13
piece,13
brad,13
stands,13
precedent,13
common,13
former,13
covered,13
proper,13
ms,13
kyo,13
lack,13
clerk,13
sighs,13
democratic,13
days,13
mark,12
insert,12
quantum,12
provisions,12
marks,12
place,12
local,12
looks,12
perhaps,12
code,12
kenya,12
kate,12
quite,12
defense,12
trust,12
swiftly,12
program,12
unaniamous,12
regards,12
comes,12
cost,12
failing,12
favour,12
per,12
billion,12
longer,12
copy,12
god,12
weeks,12
potential,12
economic,12
leaders,12
fiscal,12
remarks,12
safety,12
treaty,12
never,12
often,11
free,11
seeks,11
middle,11
welcome,11
seat,11
values,11
oppose,11
original,11
supreme,11
laid,11
list,11
direct,11
wanted,11
whip,11
inform,11
nations,11
credit,11
apply,11
less,11
prevent,11
actually,11
hearings,11
problem,11
ability,11
fight,11
commitment,11
receive,11
likely,11
criminal,11
est,11
condemn,11
title,11
try,11
remove,11
opened,11
representatives,11
face,11
action,11
striking,11
dispense,11
moving,11
doc,11
multiple,11
presented,11
holding,11
read,11
course,11
makes,11
updated,11
themselves,11
smiles,11
food,11
times,11
oliver,10
employer,10
term,10
might,10
honor,10
alexander,10
enough,10
commit,10
little,10
clause,10
small,10
excuse,10
clear,10
notify,10
toward,10
high,10
ristley,10
claim,10
items,10
ensuring,10
joey,10
mac,10
asking,10
mccarthy,10
joint,10
staff,10
additional,10
remember,10
serving,10
express,10
future,10
replace,10
pending,10
maximus,10
hereby,10
lockhart,10
security,10
seeking,10
several,10
committees,10
education,10
year,10
whole,10
always,10
elapsed,10
jones,10
million,10
democrats,10
got,10
outside,10
departments,10
constituents,10
employee,10
whatever,10
conservation,10
passing,10
sit,10
remind,10
others,10
decision,10
years,10
2024,10
views,10
conduct,10
rabb,10
sworn,10
points,10
individual,10
reasons,10
standards,10
provision,10
principles,10
knowing,9
violation,9
cabinet,9
eyes,9
natural,9
far,9
saying,9
integrity,9
gets,9
talking,9
speaking,9
species,9
away,9
benefit,9
19,9
recess,9
116th,9
announce,9
particularly,9
immediately,9
large,9
enter,9
measures,9
12,9
deb,9
decided,9
official,9
terms,9
amending,9
adjourn,9
words,9
add,9
report,9
unless,9
missed,9
punishment,9
wood,9
magnet,9
frankly,9
allowing,9
strongly,9
turn,9
duly,9
conducted,9
oath,9
shown,9
rest,9
oversight,9
financial,9
happy,9
information,9
soon,9
allies,9
raised,9
opposed,9
membership,9
services,9
tomorrow,9
clearly,9
farmers,9
closed,9
war,9
matters,9
expect,9
needed,9
trying,9
anyone,9
fair,9
interests,9
regulations,8
consult,8
legal,8
moment,8
calls,8
accordance,8
system,8
nominate,8
statements,8
party,8
despite,8
benefits,8
recognize,8
opinion,8
interest,8
thing,8
committed,8
line,8
truly,8
cia,8
intelligence,8
enforcement,8
possible,8
protect,8
conference,8
treasury,8
partisan,8
irs,8
community,8
number,8
language,8
pm,8
scientology,8
reasonable,8
seems,8
clarify,8
activities,8
rosa,8
gives,8
180th,8
late,8
join,8
thought,8
coming,8
conclusion,8
shortly,8
off,8
climate,8
deputy,8
deliver,8
richard,8
caucuses,8
single,8
confirm,8
briefly,8
commend,8
appears,8
privileged,8
putting,8
wrong,8
home,8
five,8
subject,8
known,8
answers,8
create,8
simple,8
notified,8
unable,8
taking,8
baker,8
concurrent,8
improve,8
disagree,8
getting,8
room,8
prior,8
routine,8
subsection,8
agents,8
though,8
fine,8
else,8
candy,8
everyone,8
form,8
clotured,8
sorry,8
found,8
11,8
submitted,8
specifically,8
iii,8
protection,8
east,8
knows,8
smash,8
served,8
land,8
appropriations,8
removed,8
areas,8
theresa,8
major,8
secret,8
amount,8
dunes,8
nay,8
share,8
laws,8
giving,8
declared,8
regardless,7
document,7
along,7
affairs,7
tie,7
absolutely,7
send,7
however,7
meant,7
desire,7
trade,7
short,7
set,7
increase,7
eight,7
leadership,7
active,7
wilsonian,7
entire,7
similar,7
maintain,7
average,7
image,7
post,7
cause,7
ports,7
grants,7
economy,7
situation,7
aisle,7
carry,7
russia,7
invoked,7
fundamental,7
individuals,7
yourself,7
man,7
provided,7
involved,7
met,7
activity,7
satisfied,7
continues,7
directly,7
throughout,7
accept,7
otherwise,7
incompetent,7
harmon,7
wishes,7
fails,7
critical,7
appear,7
running,7
world,7
idea,7
conflict,7
absent,7
attendance,7
save,7
building,7
rosen,7
care,7
determine,7
rail,7
clarification,7
certification,7
entered,7
india,7
attempts,7
concern,7
minute,7
sent,7
quick,7
history,7
waiting,7
monitor,7
meet,7
die,7
phd,7
although,7
rush,7
oh,7
keep,7
providing,7
miller,7
ties,7
physical,7
objects,7
introduced,7
strike,7
tried,7
employees,7
leaves,7
washington,7
personally,7
ready,7
impact,7
inserting,7
responsibility,7
focus,7
yellowstone,7
shakes,7
required,7
confident,7
everything,7
reminded,7
control,7
wants,7
kashmir,7
unreasonable,7
matsumoto,7
minutes,7
attempting,7
aforementioned,6
measure,6
except,6
metro,6
status,6
indiana,6
claps,6
inefficient,6
checks,6
immediate,6
appropriated,6
notification,6
himself,6
knowledge,6
paper,6
ago,6
night,6
infrastructure,6
interior,6
together,6
recognizing,6
apologies,6
organizations,6
thanked,6
later,6
ethical,6
bit,6
costs,6
cases,6
introduce,6
december,6
fully,6
hazumi,6
procedure,6
voice,6
calling,6
bad,6
progressives,6
adding,6
accountability,6
fund,6
waves,6
asks,6
threats,6
provides,6
dont,6
coughs,6
refers,6
granted,6
existing,6
solely,6
iron,6
beyond,6
came,6
internal,6
deliberative,6
relevant,6
discussion,6
using,6
main,6
funds,6
eastern,6
signed,6
importance,6
declaration,6
entirety,6
suspended,6
notifying,6
accepted,6
army,6
proxy,6
zimmermann,6
testimony,6
seem,6
clean,6
commonwealth,6
specific,6
three,6
regional,6
permitted,6
russian,6
efforts,6
whose,6
schools,6
hence,6
region,6
text,6
maduro,6
goals,6
established,6
sides,6
thoughts,6
reconsideration,6
answered,6
month,6
considering,6
top,6
explain,6
understanding,6
reported,6
systems,6
campaign,6
republicans,6
posed,6
crucial,6
bipartisan,6
ordered,6
dawg,6
underhanded,6
businesses,6
health,6
police,6
tactics,6
spent,6
progress,6
friends,6
refrain,6
risk,6
opportunity,6
faced,6
parliamentarian,6
expired,6
effective,6
created,6
card,6
attacks,6
looking,6
cant,6
millions,6
duty,6
acts,6
spend,6
materials,6
harris,5
west,5
10th,5
organization,5
placed,5
school,5
appointment,5
dangerous,5
behind,5
demands,5
group,5
track,5
potentially,5
arms,5
appropriation,5
nuclear,5
compel,5
outlined,5
twice,5
speaks,5
particular,5
located,5
trial,5
affect,5
crow,5
mean,5
shows,5
edit,5
censure,5
investigate,5
interchange,5
sake,5
vp,5
tyranny,5
aid,5
difficult,5
white,5
30,5
entities,5
funded,5
ratification,5
hoffman,5
numerous,5
agreement,5
earlier,5
declare,5
living,5
dollar,5
restrictions,5
beneficial,5
yesterday,5
objected,5
peaceful,5
itself,5
clock,5
jack,5
purposes,5
remainder,5
historically,5
addition,5
officers,5
regime,5
commission,5
morning,5
taylor,5
violence,5
massive,5
biggest,5
watch,5
worthy,5
solution,5
positive,5
investment,5
daniel,5
supported,5
resources,5
meaning,5
domestic,5
ali,5
muhammad,5
significant,5
assume,5
hell,5
australia,5
completely,5
access,5
designed,5
ila,5
run,5
received,5
deemed,5
gave,5
sound,5
diplomatic,5
determination,5
slam,5
debit,5
probably,5
paid,5
wop,5
opening,5
consistent,5
crimes,5
reject,5
shame,5
slavery,5
alexa,5
holiday,5
im,5
command,5
extensive,5
problems,5
15,5
operations,5
fire,5
fuck,5
actual,5
legitimate,5
almost,5
precedence,5
orders,5
follows,5
absurd,5
conservatives,5
bar,5
places,5
waste,5
deciding,5
highest,5
endangered,5
quiche,5
matthew,5
complete,5
head,5
forgotten,5
regulatory,5
withdrawn,5
changes,5
college,5
homeland,5
appreciate,5
approval,5
according,5
relationship,5
ping,5
inactivity,5
dealing,5
statement,5
total,5
tell,5
months,5
levels,5
remains,5
criteria,5
prepared,5
basic,5
achieve,5
result,5
presents,5
excellent,5
unanimously,5
addressing,5
173rd,5
test,5
determined,5
fail,5
discuss,5
standard,5
7,5
represent,5
invoke,5
leading,5
presidency,5
private,5
moved,5
sips,5
adopted,5
affirmed,5
certainly,5
merely,5
venezuela,5
concerning,5
final,5
programs,5
transaction,5
opposing,5
worked,5
widows,5
leaving,5
allocated,5
aside,5
wilson,5
global,5
equal,5
essentially,5
went,5
quickly,5
harm,5
partners,5
philip,5
passes,5
previously,5
industry,5
artificial,4
non,4
forget,4
preservation,4
onto,4
chambers,4
disregard,4
fees,4
willingness,4
fault,4
zero,4
healthful,4
pertaining,4
merchants,4
telling,4
took,4
holly,4
surrounding,4
logan,4
functions,4
chief,4
pure,4
debated,4
propose,4
sj,4
interrupt,4
replacing,4
resignation,4
obstruction,4
corrupt,4
13,4
fucks,4
saw,4
authority,4
persons,4
indeed,4
reasoning,4
push,4
raising,4
religious,4
ii,4
substantive,4
chan,4
terrorism,4
proudly,4
imperative,4
exercise,4
green,4
eats,4
regulate,4
chicago,4
districts,4
electric,4
prison,4
applied,4
abstain,4
chosen,4
enemy,4
periods,4
silly,4
exemption,4
intent,4
approved,4
refuse,4
lost,4
ourselves,4
citing,4
labor,4
blatant,4
waiver,4
grand,4
turns,4
encouraging,4
resolutions,4
relatively,4
admirable,4
apologize,4
stay,4
proposal,4
farming,4
goal,4
stewart,4
written,4
ever,4
agriculture,4
tonight,4
sen,4
parties,4
response,4
rn,4
interpretation,4
follow,4
recommit,4
fusion,4
judicary,4
gonna,4
communications,4
stability,4
democracy,4
stock,4
responsible,4
big,4
un,4
expand,4
dedication,4
adopt,4
favorable,4
delay,4
peace,4
sentiments,4
hull,4
figure,4
ah,4
marked,4
congratulate,4
plan,4
joseph,4
occur,4
relinquish,4
reality,4
throat,4
clears,4
focused,4
available,4
fara,4
aware,4
mere,4
minor,4
fbi,4
director,4
grumbles,4
presently,4
experienced,4
observes,4
wondering,4
scope,4
extended,4
konnor,4
favourably,4
repair,4
suspension,4
inactive,4
till,4
reserves,4
priorities,4
extraordinary,4
via,4
finish,4
carol,4
grayter,4
lucas,4
comment,4
exactly,4
results,4
willing,4
administrative,4
choose,4
function,4
184th,4
assembly,4
employment,4
puts,4
grandstanding,4
174th,4
initial,4
borders,4
respectfully,4
loss,4
jury,4
decisions,4
related,4
decide,4
disaster,4
operation,4
manner,4
freedom,4
effort,4
fucking,4
organizes,4
word,4
hundreds,4
ran,4
material,4
hall,4
experts,4
watches,4
implement,4
14,4
christopher,4
attention,4
teachers,4
reform,4
hire,4
consumers,4
error,4
conflicted,4
rostrum,4
proud,4
pledge,4
research,4
beautiful,4
lower,4
deeply,4
conditions,4
wealth,4
greater,4
expenditure,4
cover,4
river,4
enforce,4
violate,4
affirmative,4
stares,4
meaningful,4
extra,4
unemployment,4
lays,4
sometimes,4
capable,4
trains,4
forth,4
light,4
bypass,4
nods,4
build,4
fourteenth,4
sort,4
silence,4
assemble,4
technology,4
considers,4
attempted,4
heavily,4
coast,4
decorum,4
sums,4
preserve,4
uphold,4
taxpayer,4
filled,4
competitive,4
greatest,4
endorse,4
wonderful,4
pleased,4
engaged,4
expanding,4
applaud,4
protected,4
threshold,4
179th,4
prolific,4
l,4
practice,4
city,4
hands,4
beginning,4
recently,4
indian,4
momentarily,4
half,4
poor,4
message,4
warrants,4
happened,4
retract,4
super,4
somehow,4
wasted,4
midnight,4
equipment,4
advice,4
tremendous,4
degradation,4
admission,4
contempt,4
transportation,4
claims,4
started,4
limit,4
20,4
invest,3
irresponsible,3
genuine,3
briefing,3
believes,3
branch,3
method,3
corporate,3
183rd,3
spoke,3
qualms,3
animal,3
constant,3
prefer,3
secure,3
justify,3
closing,3
moral,3
gone,3
israel,3
brasier,3
tenure,3
damning,3
earl,3
alliance,3
awaiting,3
indictment,3
appointed,3
violations,3
pushing,3
objecting,3
resolved,3
emmett,3
impressed,3
invite,3
newly,3
disastrous,3
fix,3
concerned,3
resigned,3
regions,3
latter,3
encompassing,3
22nd,3
roles,3
deem,3
passion,3
phillip,3
space,3
cup,3
judging,3
kyouko,3
compared,3
cutting,3
candidate,3
redacted,3
real,3
fishing,3
quality,3
argument,3
stewardship,3
chuck,3
mind,3
scheduled,3
sought,3
teach,3
echo,3
friend,3
reflect,3
sponsor,3
concluded,3
upwards,3
teacher,3
viii,3
collective,3
promise,3
noon,3
perfect,3
door,3
shake,3
thanks,3
special,3
larger,3
european,3
undermining,3
protecting,3
improving,3
female,3
competition,3
pages,3
ensures,3
inquire,3
iran,3
defence,3
percentage,3
mobility,3
subsequently,3
child,3
failure,3
politics,3
tribe,3
writing,3
prohibit,3
unlike,3
arm,3
unbecoming,3
reading,3
gross,3
independence,3
breaks,3
judgment,3
disappointing,3
specify,3
17,3
basis,3
payment,3
residents,3
historic,3
below,3
duration,3
stage,3
primary,3
debates,3
empty,3
impacts,3
jacob,3
serious,3
ascertains,3
deserves,3
sec,3
context,3
arise,3
makeup,3
compelling,3
supposed,3
training,3
gop,3
politicians,3
voters,3
reached,3
hypocrisy,3
expulsion,3
implore,3
church,3
fiscally,3
pennsylvania,3
enters,3
apology,3
allows,3
talk,3
pacific,3
possibility,3
versus,3
doubt,3
pressing,3
return,3
uncontroversial,3
explicit,3
holidays,3
soundly,3
representative,3
suppose,3
compliance,3
goes,3
adds,3
confused,3
prohibitions,3
downright,3
purge,3
records,3
registered,3
custom,3
news,3
channel,3
vast,3
update,3
speeches,3
fat,3
nominated,3
break,3
level,3
subversion,3
testify,3
receives,3
intended,3
brown,3
appointments,3
relief,3
afford,3
book,3
showing,3
travel,3
revenue,3
reviewing,3
empower,3
acted,3
throw,3
referrals,3
ridiculous,3
offer,3
definition,3
poverty,3
shuffles,3
restate,3
suggest,3
explaining,3
permitting,3
output,3
suffer,3
properly,3
humanitarian,3
keeping,3
1pm,3
docketed,3
lukas,3
broader,3
jfk,3
renowned,3
matted,3
hair,3
patiently,3
26th,3
began,3
spirit,3
stole,3
steps,3
meyer,3
appeared,3
thousands,3
quorom,3
sir,3
host,3
projects,3
dc,3
seconds,3
anticipate,3
principle,3
stance,3
establishment,3
appropriately,3
aims,3
clit,3
entirely,3
detail,3
rolls,3
chances,3
limited,3
nature,3
extends,3
mister,3
effect,3
lot,3
breathes,3
ignored,3
bbc,3
reinstating,3
extremely,3
reach,3
hearts,3
shut,3
sum,3
love,3
sailors,3
powers,3
cos,3
hears,3
lies,3
damage,3
republic,3
expertise,3
obstruct,3
arguments,3
icc,3
plagued,3
organisation,3
undermine,3
laugh,3
check,3
enhancement,3
bc,3
surprised,3
divided,3
possess,3
yea,3
offering,3
ideas,3
september,3
advantage,3
normally,3
bound,3
charge,3
originally,3
troll,3
violated,3
effectively,3
arbitrary,3
swearing,3
pounds,3
retconned,3
corruption,3
supports,3
occurred,3
involuntary,3
oversee,3
servitude,3
valid,3
paramount,3
base,3
commendable,3
works,3
bitch,3
drive,3
compensation,3
include,3
sending,3
houses,3
mass,3
expansion,3
prisoner,3
engaging,3
implications,3
governor,3
lakes,3
rates,3
starting,3
sign,3
grounds,3
greatly,3
governmental,3
ally,3
questioning,3
reflects,3
allegations,3
forfeiture,3
maritime,3
above,3
directed,3
subcommittee,3
communication,3
exist,3
delivering,3
u,3
establishing,3
emergency,3
yeah,3
suitable,3
example,3
cut,3
irl,3
instructions,3
substantial,3
enshrine,3
incarceration,3
personnel,3
alternative,3
play,3
accused,3
ecosystems,3
reads,3
applicable,3
carried,3
riddicks,3
waive,3
accountable,3
ronald,3
write,3
reopen,3
privilege,3
helped,3
josé,3
battle,3
various,3
exists,3
amends,3
corrected,3
usual,3
notice,3
dilatory,3
lifetime,3
shit,3
explanation,3
stating,3
resume,3
comprehensive,3
prevailing,3
life,3
behalf,3
plain,3
misinterpreted,3
confirmed,3
fields,3
concurrently,3
exception,3
recognizes,3
young,3
tries,3
indefinitely,3
certain,3
bringing,3
ruled,3
protections,3
convenience,3
earliest,3
protective,3
anyway,3
families,3
overtime,3
interested,3
100,3
chicken,3
energy,3
acceptable,3
vacate,3
none,3
literally,3
31,3
informed,3
among,3
permit,3
threaten,3
prevents,3
happen,3
applies,3
week,3
torture,3
lives,3
cap,3
view,3
gained,3
worth,3
portion,3
contributions,3
agenda,3
adequate,3
medal,3
gold,3
air,3
third,3
attack,3
performance,3
reports,3
disagreement,3
regard,3
ought,3
increasingly,3
flag,3
four,3
easily,3
fancy,3
sufficient,3
honourable,3
maintained,3
credibility,3
regrettably,3
remembers,3
senseless,3
sigh,3
freely,3
evaluating,3
visibly,3
consults,3
feels,3
neglecting,3
south,3
apart,3
seriously,3
beloved,3
designation,3
corey,3
scale,3
clark,3
turning,3
pleasure,3
walk,3
field,3
whom,3
purchase,3
demand,3
investigation,3
terrorists,3
entering,3
engage,3
proceeding,3
armed,3
pretty,3
archivist,3
brings,3
strengthen,3
sweet,3
self,2
assumes,2
billions,2
analyze,2
recall,2
bruh,2
prefers,2
ecological,2
cbo,2
describing,2
significantly,2
bare,2
wasting,2
red,2
capitol,2
democrat,2
gorge,2
bombing,2
hem,2
bless,2
terrorist,2
voiced,2
truth,2
extremists,2
killed,2
timely,2
math,2
thats,2
unjustifiable,2
mine,2
opposite,2
missing,2
produce,2
inherently,2
salt,2
openly,2
supply,2
spread,2
drugs,2
cars,2
handle,2
lied,2
wholly,2
market,2
contentious,2
contracts,2
whereby,2
somewhat,2
deborah,2
strongest,2
stood,2
managed,2
apologizes,2
colorado,2
severely,2
metropolitan,2
whilst,2
unproven,2
conserve,2
specialized,2
bielanski,2
chinese,2
attested,2
key,2
expectation,2
neglect,2
permanent,2
implementing,2
mess,2
refute,2
disgust,2
old,2
curriculum,2
kindly,2
male,2
ethics,2
recommended,2
objectives,2
evaluate,2
adequately,2
explained,2
showed,2
threatening,2
boy,2
ordinary,2
benefiting,2
separate,2
closer,2
553,2
aeronautics,2
outlines,2
inflation,2
posthumous,2
extending,2
assistance,2
conversations,2
crisis,2
usc,2
administer,2
guys,2
lgbt,2
admirably,2
engagement,2
subchapter,2
laughs,2
helps,2
prudent,2
unenforceable,2
consistently,2
promotes,2
unaccountable,2
forming,2
consequences,2
administrator,2
negative,2
expiration,2
refusing,2
warrant,2
unique,2
industries,2
early,2
suburban,2
keeps,2
arrest,2
ideals,2
bottom,2
improper,2
reconvening,2
billboard,2
fell,2
interference,2
staunch,2
comply,2
involving,2
ugandan,2
misuse,2
clerical,2
africa,2
retracted,2
stronger,2
locked,2
gravest,2
relation,2
causing,2
bacon,2
urgent,2
overturn,2
unavoidable,2
icj,2
incident,2
needing,2
agricultural,2
wtf,2
55,2
thomas,2
forest,2
radical,2
opportunities,2
contact,2
merits,2
commerce,2
range,2
credits,2
rulemaking,2
alone,2
instability,2
content,2
generations,2
ashamed,2
caps,2
unfair,2
jamir,2
resource,2
struggling,2
200,2
ethan,2
pursuit,2
housing,2
lists,2
initiatives,2
gay,2
assure,2
assistant,2
study,2
expense,2
composed,2
punishable,2
huey,2
strategic,2
aimed,2
chill,2
influence,2
mention,2
ten,2
alternatives,2
bee,2
obstructionism,2
responsiveness,2
watching,2
purely,2
silently,2
risks,2
page,2
sets,2
alright,2
en,2
falls,2
minorities,2
designate,2
forgot,2
worse,2
decent,2
largely,2
nearest,2
enjoying,2
dod,2
pulled,2
breath,2
glad,2
mini,2
privately,2
renewed,2
direction,2
exceptional,2
ambitions,2
reiterate,2
stagnant,2
runs,2
178th,2
career,2
mandate,2
deal,2
task,2
deliberate,2
nicolás,2
improved,2
assets,2
cultural,2
reconsidered,2
caught,2
penned,2
deep,2
expected,2
recreational,2
wall,2
invested,2
defending,2
algorithms,2
serves,2
secretarial,2
handing,2
merge,2
spos,2
50,2
alleviation,2
division,2
modest,2
receiving,2
perceived,2
chuckles,2
notion,2
certify,2
0,2
fought,2
professional,2
touch,2
disconcerting,2
evidently,2
grace,2
fill,2
fear,2
exhibits,2
lift,2
perpetrate,2
roughly,2
reprimand,2
displaying,2
inconsistency,2
holy,2
products,2
intends,2
recommending,2
liberty,2
regular,2
suitability,2
sysadmin,2
dillinger,2
fit,2
francis,2
wayne,2
soro,2
interpreted,2
aligned,2
inquiries,2
assessment,2
endorsed,2
strength,2
transmitted,2
transparency,2
sad,2
argued,2
development,2
vulnerable,2
finance,2
compassionate,2
glaring,2
complex,2
implicitly,2
price,2
abigail,2
facet,2
tangibly,2
succeed,2
incentive,2
conscious,2
overlooked,2
unexamined,2
deny,2
spanberger,2
prayer,2
satisfy,2
priority,2
inclined,2
heavy,2
nationwide,2
nearly,2
tragically,2
pray,2
grow,2
commending,2
unelected,2
demanded,2
bother,2
resulting,2
cope,2
outstanding,2
distinguish,2
ways,2
sole,2
gift,2
judgement,2
vigilant,2
obligations,2
gdp,2
near,2
elsewhere,2
randolious,2
admitted,2
cyber,2
rushed,2
followed,2
ballot,2
inner,2
reforms,2
lands,2
papers,2
harmed,2
hardworking,2
grid,2
legacy,2
fishermen,2
playing,2
socialist,2
toxic,2
joining,2
liked,2
press,2
rely,2
predecessor,2
valuable,2
elizabeth,2
economies,2
workers,2
drawing,2
naming,2
accordingly,2
vacancy,2
forbid,2
effectiveness,2
poorly,2
lunch,2
debating,2
transact,2
s17,2
hard,2
constructive,2
effects,2
race,2
sentiment,2
casper,2
bureaucracy,2
enhance,2
naturally,2
lord,2
trevor,2
trooper,2
reconvene,2
commitments,2
metals,2
suffering,2
sees,2
restricted,2
loudly,2
desires,2
accuse,2
proceeded,2
refered,2
docket,2
mandatory,2
chaos,2
plant,2
interpret,2
dictator,2
included,2
losing,2
sanctions,2
investments,2
exercises,2
conceivably,2
prohibited,2
parte,2
ex,2
expressly,2
dissolution,2
ended,2
ayes,2
judges,2
consequential,2
ive,2
hardship,2
hostile,2
defendants,2
define,2
7861,2
caused,2
staying,2
wave,2
authors,2
aide,2
chairs,2
undue,2
recognises,2
finds,2
manufacturing,2
preparing,2
partially,2
certified,2
unequivocally,2
assumed,2
campaigning,2
trillion,2
requirements,2
useful,2
existed,2
montana,2
front,2
hi,2
21st,2
foundation,2
definitively,2
25th,2
educational,2
fragile,2
ot,2
presidents,2
survivor,2
amounts,2
regulation,2
wording,2
dispensed,2
inherent,2
sabastien,2
nobody,2
phone,2
gladly,2
offers,2
helping,2
files,2
bureau,2
formal,2
chairwoman,2
propaganda,2
cease,2
moreso,2
obtain,2
aipac,2
attract,2
account,2
blinks,2
rests,2
seemingly,2
largest,2
investing,2
wherever,2
skip,2
minimum,2
reaffirming,2
strait,2
nominating,2
defines,2
eye,2
ignore,2
pose,2
talent,2
draw,2
ther,2
genuinely,2
possibly,2
instrument,2
notably,2
resolve,2
remit,2
annually,2
raffaella,2
age,2
evidence,2
unlikely,2
crime,2
competency,2
ones,2
conscience,2
incapable,2
scratch,2
writes,2
type,2
pocket,2
opens,2
area,2
realises,2
gestures,2
defensive,2
interfere,2
resign,2
embarrassing,2
23,2
disagreements,2
dirty,2
overwhelming,2
advise,2
hide,2
moments,2
decline,2
essential,2
invites,2
entity,2
danger,2
reproductive,2
congrats,2
file,2
central,2
eat,2
congresses,2
reply,2
lobby,2
revoked,2
unlock,2
disciplinary,2
six,2
800,2
quintile,2
neither,2
verbal,2
launched,2
argue,2
kind,2
agent,2
definitely,2
tyrant,2
loves,2
analysts,2
obstructs,2
begins,2
jbc,2
offices,2
exact,2
tensions,2
photo,2
killings,2
reference,2
recognise,2
brave,2
vendetta,2
images,2
obstructed,2
england,2
presenting,2
directs,2
strict,2
constructively,2
prerogative,2
maj,2
issued,2
jammu,2
belief,2
ill,2
accusing,2
klux,2
immune,2
family,2
rationale,2
becoming,2
fee,2
sick,2
celebrate,2
copies,2
ladies,2
neighboring,2
plus,2
strengthening,2
ipto,2
8th,2
shortened,2
rubber,2
stark,2
annoyed,2
higher,2
presides,2
176th,2
proposals,2
healthcare,2
ideological,2
civil,2
youth,2
sensible,2
david,2
holland,2
drinks,2
threatened,2
bathroom,2
resolute,2
boots,2
pakistan,2
unearned,2
thoughtful,2
institution,2
faces,2
abdication,2
everyday,2
blocked,2
timeframe,2
groups,2
placing,2
broad,2
recognised,2
eager,2
asap,2
rich,2
dying,2
listen,2
yall,2
nine,2
productive,2
border,2
sat,2
sergeant,2
china,2
counts,2
newfound,2
facts,2
associate,2
bolton,2
contemplates,2
anthony,2
offsetting,2
differences,2
felt,2
suddenly,2
perfectly,2
unity,2
rid,2
unnecessary,2
lol,2
curious,2
practices,2
informs,2
replacement,2
tenth,2
intention,2
privacy,2
claimed,2
comfortable,2
reaserch,2
philosophy,2
recount,2
announced,2
entertain,2
pakistani,2
parts,2
achieves,2
initiative,2
cooperation,2
distinct,2
stopwatch,2
opponent,2
character,2
capabilities,2
alas,2
demonstrated,2
review,2
staring,2
uses,2
appeals,2
barack,2
remarkable,2
normal,2
involvement,2
backlog,2
march,2
8pm,2
appoint,2
prosecute,2
invokes,2
reaches,2
authorization,2
trusted,2
emphasize,2
bipartisanship,2
creation,2
thumbs,2
marbury,2
contractors,2
subvert,2
hums,2
realize,2
informing,2
unavailable,2
forms,2
inadvertently,2
tornado,2
gotta,2
removal,2
abstaining,2
events,2
positions,2
consultation,2
widely,2
employed,2
frequently,2
opt,2
lesser,2
facing,2
retain,2
precious,2
disrupt,2
dicarlo,2
secondly,2
remained,2
happily,2
stirring,2
poetry,2
eminently,2
talks,2
whichever,2
undecided,2
employ,2
referral,2
dead,2
rose,2
posted,2
giggles,2
happens,2
sustained,2
creative,2
expression,2
incarcerated,2
void,2
reconvened,2
grammar,2
growing,2
technical,2
suited,2
rescinded,2
sphere,2
awaits,2
enforcing,2
paris,2
recommendation,2
procedures,2
gotten,2
containerization,2
round,2
warm,2
dictate,2
unloading,2
absolute,2
penalty,2
ships,2
convicted,2
complementarity,2
heart,2
burrito,2
society,2
skipped,2
joy,2
casted,2
thorough,2
intervening,2
prestigious,2
mentioned,2
horrible,2
recover,2
typically,2
unconstitutional,2
covert,2
njp,2
primarily,2
cram,2
breadth,2
renominate,2
nullification,2
shipping,2
initially,2
abolishing,2
forgiveness,2
struggle,2
season,2
acknowledge,2
broke,2
interesting,2
wife,2
sneaky,2
halfway,2
vital,2
irp,2
guy,2
calculated,2
premise,2
mouths,2
rhode,2
abstained,2
realizes,2
profit,2
miss,2
leg,2
audit,2
bigger,2
requirement,2
standpoint,2
sue,2
slight,2
gen,2
data,2
forced,2
conspiracy,2
exemptions,2
vests,2
ron,2
generally,2
lets,2
letter,2
campaigned,2
import,1
sauntering,1
setting,1
uniquely,1
incentivizes,1
steer,1
invitation,1
communicative,1
converts,1
eu,1
possesses,1
adjourning,1
robinson,1
details,1
wrapped,1
corporation,1
develop,1
instincts,1
facilitates,1
remedied,1
exercised,1
perms,1
machinery,1
collaboratively,1
perpetrated,1
malfunctioning,1
resolving,1
township,1
singular,1
criticized,1
independently,1
tariff,1
advocated,1
developmen,1
challenges,1
exacerbating,1
judgments,1
derives,1
identified,1
awkwardly,1
unlocked,1
37min,1
yo,1
issuing,1
introspective,1
hitting,1
dilute,1
relayed,1
considerations,1
uncommonly,1
consensus,1
thusly,1
44942,1
ignores,1
mixed,1
stolen,1
visionary,1
heading,1
almighty,1
loses,1
pressures,1
workplaces,1
honest,1
untouched,1
somedays,1
construction,1
managing,1
careers,1
agreeing,1
managers,1
articulate,1
limiting,1
measuring,1
christmas,1
video,1
publishing,1
hehe,1
tapped,1
enforceability,1
sidles,1
appointing,1
hershey,1
overworked,1
glances,1
partake,1
explore,1
jolly,1
pocketing,1
persistent,1
catches,1
typo,1
rancher,1
beauacracy,1
pls,1
increases,1
exporting,1
stipend,1
famous,1
dollface,1
throws,1
thatll,1
falling,1
adjusting,1
jurisdiction,1
amenable,1
punish,1
mutually,1
christian,1
reservations,1
trustee,1
hearty,1
receptive,1
thozs,1
contactable,1
unproductive,1
insulted,1
flexible,1
verifiable,1
wink,1
strive,1
muses,1
thirty,1
item,1
norm,1
gtg,1
bureaucratically,1
responding,1
politician,1
insist,1
scientifically,1
obliged,1
tf,1
befitting,1
ahhh,1
difficulty,1
compromise,1
tool,1
unchecked,1
busy,1
anticipated,1
weaponization,1
vehicles,1
doors,1
restricts,1
stamp,1
significance,1
inefficiency,1
contacts,1
subsidiary,1
promising,1
engages,1
clauses,1
cons,1
overshadow,1
atm,1
hoping,1
181st,1
alarm,1
shrug,1
emerging,1
unfettered,1
contents,1
overall,1
preemptively,1
pivotally,1
boils,1
cared,1
tiebreaker,1
24th,1
exasperated,1
defeat,1
belt,1
announcement,1
shutdown,1
unwilling,1
media,1
discretion,1
27th,1
promoting,1
dismiss,1
heathen,1
smile,1
unintended,1
recognititon,1
invited,1
analysis,1
editing,1
tack,1
unassuming,1
ldr,1
nimble,1
remedy,1
territories,1
lots,1
hides,1
tacks,1
north,1
ultimately,1
knock,1
branches,1
declares,1
uneven,1
tall,1
confidence,1
ramona,1
envied,1
cold,1
humming,1
impressive,1
derived,1
reversal,1
expensive,1
tune,1
wear,1
seemed,1
tied,1
publish,1
midst,1
easing,1
behaving,1
inappropriate,1
solid,1
overhaul,1
therefor,1
handled,1
criminally,1
rogue,1
reaffirms,1
shrugs,1
tiebreaking,1
net,1
leans,1
leveraging,1
disparaging,1
centralized,1
skeptical,1
hiring,1
yep,1
messages,1
trees,1
ironically,1
versa,1
equipped,1
references,1
substance,1
flowed,1
lacks,1
messaging,1
forgor,1
renumeration,1
maverick,1
defined,1
economists,1
sacred,1
victory,1
slope,1
spt,1
slippery,1
equivalent,1
regulating,1
replica,1
40,1
analyzes,1
52,1
excited,1
cutie,1
humble,1
saudi,1
annoying,1
advocating,1
grass,1
loom,1
sharia,1
22hrs,1
paused,1
montanans,1
enforceable,1
abolition,1
manipulate,1
tend,1
believed,1
emissions,1
gas,1
greenhouse,1
philadelphia,1
beings,1
optimal,1
differently,1
habitats,1
smart,1
civilians,1
processes,1
49,1
rebuttals,1
cabin,1
presumption,1
published,1
expressed,1
rag,1
ya,1
needlessly,1
mistaken,1
merit,1
pats,1
estimates,1
productivity,1
fool,1
nawt,1
adversely,1
criticism,1
accessibility,1
inconsistencies,1
waning,1
neck,1
efficiently,1
disdain,1
watchdog,1
arises,1
pertains,1
overdue,1
calendar,1
positively,1
instances,1
ur,1
breakdown,1
successfully,1
competitiveness,1
headquarters,1
mins,1
median,1
sounds,1
wellbeing,1
rivals,1
recipe,1
safeguard,1
leases,1
desired,1
killing,1
exploit,1
expanded,1
precise,1
ol,1
governors,1
rejoin,1
finalized,1
snickles,1
attractiveness,1
unfortunately,1
ticking,1
gimme,1
abridge,1
siege,1
conspiring,1
additions,1
homemade,1
wrap,1
11pm,1
rave,1
pulling,1
palestine,1
provoked,1
snickle,1
formality,1
exhausting,1
continuing,1
subsist,1
clamor,1
chairpersons,1
uninterrupted,1
aswell,1
realistically,1
penalize,1
mentions,1
injuries,1
outburst,1
refuses,1
subverted,1
intentions,1
qualm,1
justification,1
pursuing,1
methods,1
identify,1
oil,1
vehemently,1
beat,1
jam,1
withdraws,1
topic,1
obsolete,1
identical,1
hardly,1
ix,1
color,1
defame,1
unparliamentary,1
false,1
restart,1
removing,1
inproperly,1
logic,1
reenacted,1
conclude,1
alignment,1
recalls,1
recognitions,1
majorily,1
rocket,1
attached,1
obfuscate,1
converted,1
rideshare,1
driving,1
verb,1
tantrum,1
blatantly,1
beaten,1
torn,1
futile,1
twitter,1
hellbent,1
wedge,1
companies,1
sometime,1
leftists,1
soldiers,1
fence,1
stopped,1
looming,1
spite,1
summary,1
savimbi,1
destabilize,1
angola,1
monopoly,1
kept,1
alive,1
visa,1
1994,1
cards,1
luxury,1
allotted,1
defended,1
lambast,1
fighting,1
maintaining,1
shot,1
mute,1
fixes,1
tabling,1
nuisance,1
bro,1
pushed,1
garnered,1
customers,1
semblance,1
offset,1
easier,1
ending,1
celebrated,1
downfall,1
processors,1
null,1
docked,1
mouth,1
royalties,1
reflection,1
aspire,1
charges,1
authorizes,1
investigated,1
recruit,1
prosecuted,1
imposes,1
undertake,1
infancy,1
kill,1
custody,1
citizen,1
dropped,1
imprisoned,1
death,1
sentencing,1
systematically,1
denied,1
represents,1
containers,1
fundamentally,1
jurisdictions,1
inalienable,1
york,1
includes,1
inflicted,1
organized,1
domestically,1
connected,1
unions,1
extort,1
universal,1
ptsd,1
affirms,1
abuses,1
maine,1
impunity,1
atrocities,1
sovereignty,1
cartel,1
complementing,1
impartiality,1
loading,1
herself,1
infiltration,1
intimidation,1
guerrillas,1
armies,1
detriment,1
overreach,1
preparations,1
mistakes,1
marshaling,1
compare,1
dissenters,1
phrases,1
erm,1
equivalency,1
silenced,1
inches,1
kkk,1
cc,1
mainly,1
forgets,1
1997,1
beach,1
irreversibly,1
relies,1
prevalence,1
extradition,1
influences,1
surrender,1
assessed,1
merited,1
urinary,1
recognizable,1
thanksgiving,1
knew,1
forgo,1
condones,1
challenged,1
thrown,1
innovations,1
nigeria,1
europe,1
rank,1
monolithic,1
angolan,1
diamond,1
harold,1
location,1
nuh,1
uh,1
thinking,1
disallowed,1
bars,1
odds,1
merger,1
meeting,1
anticompetitive,1
grows,1
became,1
ordinarily,1
suit,1
stipulates,1
scourge,1
broker,1
upheld,1
affects,1
chairing,1
couple,1
doctor,1
annual,1
device,1
mozambique,1
defendant,1
stopping,1
technically,1
terminator,1
audacity,1
fitness,1
music,1
jeopardy,1
collapse,1
drag,1
powerful,1
breathing,1
lose,1
grip,1
stick,1
affirmation,1
deprived,1
prosecutor,1
selection,1
reaffirm,1
assigns,1
dow,1
specifies,1
units,1
won,1
rebuttal,1
seats,1
manual,1
33,1
compositions,1
ludicrous,1
deploy,1
tradition,1
machine,1
broken,1
interacting,1
176,1
spate,1
sweep,1
prospect,1
acquisition,1
moderate,1
silent,1
bluest,1
vc,1
reacting,1
sustain,1
brushed,1
wage,1
taxes,1
pregnancy,1
joke,1
1914,1
algorithm,1
bases,1
wasnt,1
creating,1
allot,1
deliberation,1
abscence,1
arrests,1
excused,1
signature,1
trades,1
executed,1
ordain,1
bible,1
inferior,1
instrumentality,1
scores,1
names,1
steven,1
interstate,1
informational,1
propagandized,1
overly,1
minimums,1
tension,1
repeal,1
parole,1
lobbying,1
plethora,1
excluded,1
dismantle,1
premises,1
disseminated,1
disseminate,1
summarily,1
yup,1
mails,1
dividing,1
transmit,1
hero,1
buying,1
mastercard,1
reception,1
screwed,1
paul,1
owners,1
charged,1
publicity,1
tour,1
globe,1
abramoff,1
conviction,1
casino,1
replaced,1
incite,1
diplomats,1
principal,1
register,1
introducing,1
germany,1
vested,1
greet,1
variable,1
everybody,1
freshman,1
constituted,1
623,1
size,1
matching,1
achieved,1
essay,1
incoming,1
irreparable,1
score,1
shameful,1
60,1
separated,1
boo,1
woman,1
selecting,1
patriots,1
split,1
referendum,1
distribute,1
ram,1
subversive,1
editorial,1
optics,1
tumultuous,1
comparable,1
disincentivize,1
forum,1
fathers,1
circumvention,1
increased,1
founding,1
scrutiny,1
operate,1
delivered,1
upper,1
correction,1
subcaucus,1
olympian,1
insistent,1
jersey,1
founded,1
permission,1
recourse,1
revision,1
facilitate,1
renaming,1
avoiding,1
contention,1
transferred,1
inclusion,1
volt,1
element,1
contrasts,1
retraining,1
relying,1
14th,1
legislate,1
undertaken,1
enumerated,1
adapted,1
tends,1
submission,1
admire,1
guidelines,1
impossible,1
disappointed,1
bolster,1
allegation,1
validating,1
realizing,1
arrangement,1
registers,1
merged,1
surprisingly,1
overseen,1
pinged,1
distinction,1
examples,1
lens,1
analyzing,1
okay,1
plans,1
understood,1
stops,1
framework,1
honrable,1
zone,1
enjoyment,1
equality,1
vibrant,1
taxpayers,1
genevieve,1
finale,1
ground,1
draft,1
revitalized,1
doubtlessly,1
robust,1
chains,1
rejected,1
facilitation,1
value,1
sector,1
beforehand,1
taxing,1
reluctant,1
maximising,1
shove,1
undemocratically,1
advantages,1
stable,1
denial,1
finances,1
idc,1
typing,1
domain,1
forcing,1
policies,1
giant,1
pot,1
hmm,1
disregards,1
rachel,1
barring,1
emergent,1
belong,1
criticisms,1
robbed,1
mismanaged,1
begging,1
slush,1
diversified,1
sharing,1
feasibly,1
truths,1
termination,1
landscapes,1
guilt,1
peaks,1
lush,1
forests,1
alaskan,1
destroyed,1
volcanic,1
hawaiian,1
deserts,1
beauty,1
drink,1
carefully,1
diligently,1
encroach,1
ambiguous,1
flourish,1
chevron,1
arbiters,1
breathtakingly,1
expended,1
determinator,1
discontent,1
goated,1
train,1
understands,1
linchpin,1
municipal,1
pilot,1
applications,1
concept,1
smaller,1
distributed,1
vision,1
workable,1
statistics,1
hopefully,1
leaked,1
3a,1
october,1
awarding,1
concurrence,1
constitutes,1
presumed,1
stem,1
restricting,1
conflicting,1
studies,1
overseeing,1
complying,1
efficacies,1
precautionary,1
hrs,1
fears,1
honey,1
nope,1
withholding,1
70,1
percent,1
equitable,1
cite,1
overstate,1
admiration,1
variety,1
feasible,1
treatments,1
trajectory,1
slaughter,1
steady,1
misinterpretations,1
legislated,1
execution,1
panacea,1
resourcing,1
findings,1
literature,1
minimize,1
similarly,1
builds,1
nnt,1
conducts,1
2021,1
cosponsor,1
neonicotinoids,1
bros,1
substituted,1
internationally,1
convert,1
ratio,1
bullet,1
mob,1
29,1
extinction,1
yapfest,1
stupid,1
inequality,1
apples,1
oranges,1
hood,1
oversees,1
jake,1
busting,1
defenses,1
interestingly,1
caffeine,1
label,1
earnest,1
disguise,1
superman,1
adequacy,1
motherfucker,1
chloe,1
financing,1
2pm,1
12pm,1
koay,1
abortion,1
roe,1
fissures,1
cracks,1
highlight,1
necessarily,1
adjudicate,1
explicitly,1
overturning,1
excluding,1
pension,1
interview,1
contribution,1
matches,1
skill,1
egregiously,1
incorrect,1
catherine,1
zeta,1
australian,1
diversion,1
sensitive,1
classified,1
choice,1
possessing,1
lived,1
indictments,1
offend,1
qualifies,1
overlook,1
wild,1
educated,1
switched,1
graves,1
car,1
occurrence,1
twiddles,1
geared,1
farts,1
class,1
assaults,1
bodies,1
automating,1
massively,1
align,1
cautious,1
controls,1
demonstrating,1
unauthorized,1
prematurely,1
backrooms,1
granting,1
geopolitical,1
accelerating,1
cruel,1
exacerbate,1
automation,1
jobs,1
alliances,1
provocative,1
destabilizing,1
prompt,1
agreements,1
rival,1
fueling,1
ovjection,1
unnessecary,1
competently,1
caliber,1
outgoing,1
lickingtons,1
carrier,1
embodiment,1
servant,1
gracefully,1
sleep,1
peacefully,1
steadily,1
urgently,1
restablish,1
kicked,1
elect,1
performances,1
picked,1
filling,1
elections,1
regarded,1
reactivation,1
praise,1
honour,1
knowledgable,1
resignaton,1
incentives,1
modern,1
opposes,1
warfare,1
paraphrase,1
hacked,1
fyi,1
radar,1
irrelevant,1
insufficient,1
incorrectly,1
named,1
sullivan,1
hehehe,1
blind,1
ir,1
mc,1
hurt,1
rendered,1
solves,1
naval,1
cybersecurity,1
sustaining,1
viable,1
completed,1
weapons,1
complications,1
conventional,1
pouring,1
cyberwarfare,1
salinger,1
justices,1
reuqest,1
militarist,1
imperialist,1
southeast,1
realm,1
starts,1
timer,1
tackle,1
alex,1
stalled,1
salient,1
fleet,1
contained,1
advanced,1
unclear,1
airborne,1
authorizing,1
2025,1
2030,1
lieu,1
reflective,1
wicked,1
societal,1
offsets,1
inflationary,1
practical,1
jets,1
tens,1
scrutinise,1
cautiously,1
viability,1
fighter,1
shrunk,1
unfilled,1
snubbing,1
abroad,1
peers,1
groggily,1
row,1
subtract,1
preferred,1
loopholes,1
territory,1
straddle,1
judicially,1
sixth,1
population,1
meets,1
murder,1
loophole,1
redraws,1
urging,1
carrà,1
huh,1
sentence,1
grammatically,1
moot,1
bank,1
afternoon,1
fractured,1
vacany,1
exceeding,1
meritorious,1
wisdom,1
consume,1
apparent,1
lethargic,1
originating,1
webster,1
lyndon,1
core,1
2027,1
alter,1
mandates,1
satisfactory,1
sponsors,1
double,1
carrying,1
wasteful,1
injudicious,1
intersect,1
resent,1
ag,1
hissing,1
sea,1
gays,1
snatches,1
negligence,1
snatched,1
straighten,1
attitude,1
temporarily,1
warning,1
swindled,1
livelihood,1
complies,1
unprecedented,1
assault,1
wields,1
sword,1
tolerate,1
playground,1
games,1
noises,1
drafting,1
consulting,1
platform,1
strictly,1
certifies,1
electoral,1
returned,1
consternation,1
defunct,1
ring,1
truest,1
tools,1
mechanisms,1
ramming,1
expediency,1
widen,1
grabs,1
microphone,1
journal,1
shocks,1
jospeh,1
anytime,1
length,1
observations,1
reluctance,1
symbols,1
balanced,1
restraint,1
underlying,1
moderately,1
reserving,1
wonder,1
preferable,1
gentlemen,1
nonbinary,1
175th,1
bestowed,1
pluribuz,1
johnson,1
candidates,1
pentagon,1
dual,1
ineligible,1
rectify,1
caribbean,1
carpet,1
passionate,1
century,1
automatically,1
tear,1
suggesting,1
begs,1
twirls,1
fifth,1
hello,1
zack,1
indication,1
returns,1
matthews,1
160th,1
flu,1
hospital,1
improvements,1
trivial,1
priviledged,1
exit,1
withdrawal,1
application,1
coalition,1
afghanistan,1
nineteen,1
w,1
orange,1
juice,1
sherry,1
greetings,1
furthermore,1
aloud,1
retains,1
reasonably,1
monumental,1
student,1
forgive,1
loans,1
imposed,1
survive,1
halt,1
legally,1
trolling,1
awesome,1
spoken,1
o,1
tea,1
iraq,1
spelt,1
bogged,1
vietnam,1
fever,1
neighbor,1
haiti,1
grasping,1
haitians,1
terrorized,1
gangs,1
ravenging,1
vigilante,1
scared,1
gideon,1
digresses,1
hurry,1
realised,1
89th,1
assured,1
depart,1
swindles,1
rejoined,1
entertaining,1
pluck,1
pluto,1
schedules,1
desalination,1
management,1
usable,1
resort,1
drying,1
happening,1
plentiful,1
straight,1
firm,1
allocate,1
vii,1
addresses,1
s1,1
bone,1
conjoin,1
confusingly,1
universities,1
boone,1
advised,1
brothers,1
curry,1
duck,1
circuit,1
blessed,1
birth,1
negotiation,1
pipeline,1
communities,1
belabor,1
rejoining,1
street,1
approve,1
molhoj,1
evening,1
arrive,1
tucked,1
folders,1
saved,1
drawer,1
theodore,1
binded,1
additionally,1
hesitance,1
homosexuality,1
fostering,1
ranks,1
rethink,1
reparations,1
invaded,1
routinely,1
abused,1
degrading,1
investigations,1
prosecutions,1
politically,1
unlawful,1
formed,1
dedicated,1
refuge,1
homosexual,1
pits,1
beiieve,1
undermines,1
disregarded,1
spur,1
combating,1
fourteen,1
somalia,1
obama,1
kenyatta,1
declined,1
discrimination,1
fgm,1
infringements,1
commision,1
disappearances,1
extrajudicial,1
incompatible,1
designating,1
underscores,1
appreciation,1
militaries,1
terror,1
ocean,1
multinational,1
african,1
mission,1
confirming,1
quiet,1
intervention,1
revocation,1
benefitting,1
financially,1
reissued,1
revoke,1
statue,1
toes,1
auditing,1
violating,1
besides,1
moreos,1
affinity,1
commissioner,1
talented,1
kicks,1
mushroom,1
mozzarella,1
cheese,1
collapsed,1
described,1
hubbard,1
5000,1
prisoners,1
unfavorable,1
litany,1
targeting,1
punishing,1
laypersons,1
pull,1
targets,1
contrary,1
1967,1
repeatedly,1
resulted,1
siding,1
payments,1
spiritual,1
awareness,1
constitutionality,1
unilaterally,1
drop,1
snow,1
1970s,1
performed,1
internet,1
uncivilized,1
stafford,1
outbreak,1
wrecked,1
havoc,1
disasters,1
chunk,1
tenets,1
intsructions,1
slice,1
salted,1
tomfoolery,1
balances,1
mechanism,1
darkest,1
segregation,1
ableman,1
booth,1
cooper,1
pen,1
profoundly,1
startling,1
177th,1
university,1
acknowledged,1
donation,1
poem,1
correctional,1
facility,1
brightest,1
shines,1
interrupting,1
dreams,1
lansing,1
chronicle,1
emotions,1
reforming,1
questioned,1
anymore,1
imagine,1
library,1
guards,1
bbl,1
drizzy,1
wipes,1
groans,1
georgia,1
daily,1
shouting,1
recaucus,1
caucused,1
added,1
separating,1
usage,1
governing,1
whereabouts,1
reins,1
legislations,1
transgress,1
input,1
reclassification,1
participation,1
rushing,1
clocking,1
elements,1
usually,1
exceeded,1
premium,1
hardest,1
preserved,1
breadbasket,1
retiring,1
escalations,1
uniform,1
dialogue,1
shred,1
agrees,1
unambiguous,1
gummy,1
success,1
farmer,1
farm,1
farms,1
servants,1
par,1
firefighters,1
pslf,1
inspiring,1
reduce,1
startup,1
solve,1
folks,1
flexibility,1
notable,1
lifelong,1
singularly,1
gravity,1
necessitates,1
structure,1
vetting,1
recommendations,1
slow,1
burning,1
gather,1
personalities,1
grievances,1
beneath,1
dignity,1
hasty,1
proof,1
idiot,1
righteous,1
offensively,1
impugns,1
prudence,1
expedite,1
tourist,1
incredulous,1
attraction,1
lakeshore,1
satisfaction,1
surveys,1
servide,1
lincolnites,1
denying,1
staffer,1
chalk,1
liabilities,1
reccomendations,1
reporting,1
fondont,1
worst,1
underscore,1
practicing,1
litigations,1
assert,1
circumstances,1
amiss,1
ratify,1
ratified,1
masood,1
hafeez,1
sayyid,1
shelter,1
heinous,1
osama,1
bin,1
laden,1
isi,1
taliban,1
causes,1
designated,1
norms,1
harboring,1
reaffirmation,1
aspirations,1
integral,1
invade,1
stake,1
donbass,1
azhar,1
maulana,1
goof,1
aim,1
occupied,1
bridge,1
sashays,1
collaborating,1
judicious,1
prioritizing,1
income,1
wholeheartedly,1
enhancing,1
requisite,1
favourable,1
mistah,1
historical,1
integration,1
accession,1
constituent,1
implies,1
rightful,1
advocate,1
crimea,1
giggle,1
elated,1
citizens,1
statist,1
distrust,1
hated,1
s2,1
soda,1
harder,1
abstention,1
administered,1
zachary,1
austin,1
shouldnt,1
pows,1
mia,1
ahead,1
fiercely,1
shares,1
collaboration,1
era,1
encroachments,1
earn,1
pickpocketed,1
territorial,1
beverage,1
curb,1
transgression,1
justifies,1
transform,1
site,1
transmission,1
resilient,1
sustainable,1
restore,1
january,1
humbly,1
revokes,1
ruthless,1
excise,1
paying,1
proclaimed,1
recouped,1
healthy,1
workout,1
motives,1
requesting,1
goodbye,1
fatigue,1
specified,1
temporary,1
confinement,1
barrack,1
enshrining,1
outcome,1
prepares,1
13th,1
punishments,1
handed,1
reclaiming,1
wars,1
geneva,1
convention,1
labour,1
override,1
rational,1
5th,1
waived,1
outlawing,1
forego,1
wherein,1
meted,1
prevalent,1
sadden,1
saddened,1
failures,1
shoutout,1
learn,1
barely,1
positivity,1
dark,1
warmed,1
hate,1
alongside,1
sombre,1
applause,1
cry,1
loan,1
slamming,1
delve,1
repercussions,1
grasp,1
thirdly,1
civilian,1
accompaning,1
waddles,1
constitutions,1
continuance,1
adoption,1
olumpia,1
mic,1
superglue,1
reread,1
smoky,1
quartz,1
cherrywood,1
sounding,1
block,1
shattered,1
9am,1
feeds,1
nails,1
chocolate,1
transmits,1
slap,1
yawning,1
prove,1
redirect,1
inflating,1
acknoledged,1
wondered,1
brr,1
lines,1
prohibits,1
27,1
guest,1
visitor,1
recessed,1
deepest,1
phenomenal,1
mentoring,1
deserved,1
wise,1
gratitude,1
applying,1
doesnt,1
initiating,1
soothing,1
rent,1
inscription,1
descendant,1
invalid,1
mutters,1
canada,1
thanking,1
lawmaking,1
impactful,1
respectful,1
discourse,1
heaves,1
randolius,1
undetermined,1
randolicious,1
unfit,1
outright,1
prepare,1
participate,1
esteemed,1
refused,1
queries,1
qualifications,1
warren,1
handcuff,1
cohesive,1
indicated,1
respecting,1
guess,1
limb,1
deduce,1
ultimate,1
guilty,1
tampering,1
dishonest,1
bribery,1
vet,1
dictated,1
spotless,1
upholding,1
fairness,1
utilize,1
perspective,1
weigh,1
communicate,1
halted,1
blew,1
opinions,1
racial,1
sport,1
native,1
barbaric,1
ira,1
bunch,1
damn,1
yielding,1
patient,1
preisidng,1
alloted,1
alotted,1
natiral,1
25,1
ship,1
award,1
posthumously,1
black,1
born,1
grew,1
amid,1
invasive,1
fish,1
disqualify,1
fisheries,1
elevated,1
horrific,1
wounded,1
association,1
automatic,1
dismissal,1
reveal,1
sympathy,1
violent,1
attacked,1
institutions,1
disclose,1
neighborhood,1
marking,1
proposing,1
corporations,1
aiding,1
scientists,1
conservations,1
severe,1
overlooking,1
advance,1
devoid,1
reformed,1
shell,1
spectre,1
baggage,1
forces,1
36,1
looked,1
accusatory,1
produced,1
emotion,1
sos,1
decry,1
ages,1
collect,1
tiny,1
enacted,1
rebuke,1
evils,1
tragedy,1
wake,1
dismayed,1
extensively,1
relied,1
diplomacy,1
memberlist,1
memo,1
meta,1
deleted,1
questionable,1
overthrowing,1
wing,1
assassinating,1
latin,1
abolish,1
doubts,1
unethical,1
reinstate,1
proven,1
counsel,1
efficient,1
superiority,1
rethinking,1
diplomat,1
fingers,1
depending,1
complaints,1
condoleezza,1
root,1
disappear,1
cancun,1
whenever,1
tags,1
abhorrent,1
tired,1
unrepresented,1
neighbors,1
participating,1
hahahaha,1
isnt,1
speach,1
movement,1
finishing,1
continuation,1
persists,1
cruising,1
low,1
hillary,1
henry,1
competent,1
infamous,1
lengthy,1
treat,1
speed,1
slim,1
minimising,1
excuses,1
np,1
disclosed,1
24h,1
admonish,1
dire,1
189th,1
guide,1
utmost,1
dutiful,1
pains,1
formally,1
coalesces,1
madeline,1
assign,1
offered,1
continually,1
authoritarian,1
legitimately,1
misconduct,1
condemns,1
illegal,1
oppressed,1
venezuelan,1
appalled,1
desecration,1
egregious,1
wannabe,1
corny,1
faux,1
autocrat,1
spieces,1
brink,1
critically,1
contribute,1
thoroughly,1
avalanche,1
rigged,1
caucusing,1
pristine,1
decisively,1
officials,1
strangle,1
circle,1
sustains,1
betrayal,1
dictators,1
voices,1
uproar,1
boldly,1
unequivocal,1
solidarity,1
grounded,1
reassert,1
ownership,1
demonstrate,1
exploited,1
deserve,1
guarantee,1
brutality,1
hogged,1
smoothly,1
slate,1
dnc,1
expelling,1
chickened,1
piled,1
contrast,1
hurling,1
bed,1
lie,1
tipping,1
antics,1
traitor,1
symbol,1
responsibilities,1
letting,1
float,1
risen,1
spew,1
exhaustive,1
disarray,1
continual,1
permanently,1
unacceptable,1
outdone,1
congratulating,1
depended,1
tweet,1
huge,1
hogging,1
piling,1
trouble,1
parliamentarily,1
handicapped,1
behavior,1
influx,1
mlstly,1
shouldered,1
attendees,1
begun,1
exemplified,1
delegated,1
reminds,1
behaviour,1
rising,1
disruption,1
yeas,1
tyrannical,1
pivotal,1
venues,1
transit,1
listening,1
vague,1
eased,1
default,1
operating,1
liberals,1
liberal,1
lambasted,1
slumber,1
outrage,1
partial,1
overarching,1
unprofessional,1
utter,1
suing,1
disqualifying,1
chance,1
winning,1
entertainment,1
reliable,1
depend,1
georges,1
continuously,1
cancer,1
counterparts,1
swore,1
execute,1
vain,1
pretending,1
fed,1
governance,1
endowed,1
248,1
conducive,1
ongoing,1
embarrassment,1
fricking,1
rides,1
northern,1
montgomery,1
prince,1
tendency,1
abuse,1
lawyer,1
hollands,1
assassination,1
unwise,1
noncontroversial,1
transfer,1
unfortunate,1
event,1
persuade,1
glean,1
phase,1
collaborative,1
embarking,1
journey,1
promised,1
prosper,1
humbled,1
pacifican,1
valued,1
demanding,1
principled,1
query,1
prays,1
patron,1
bloc,1
whereas,1
nasty,1
consents,1
fun,1
exciting,1
pretenses,1
abolished,1
civic,1
assumption,1
situations,1
changed,1
shed,1
bums,1
wanna,1
tempted,1
costco,1
winner,1
arrives,1
blud,1
warn,1
caution,1
abilities,1
coordinating,1
glares,1
cross,1
c,1
counting,1
resumed,1
pinging,1
scratches,1
horror,1
force,1
habit,1
erased,1
sends,1
thelepatically,1
sectres,1
encouraged,1
totalling,1
innovation,1
commissioning,1
nrc,1
wishing,1
skeeyee,1
heracleon,1
casts,1
retracts,1
fraction,1
constitute,1
polls,1
mistake,1
electing,1
frivolous,1
useless,1
testament,1
forebears,1
avail,1
maybe,1
cling,1
heir,1
royal,1
plenty,1
abandoned,1
mockery,1
zoned,1
modified,1
holds,1
dissapearnce,1
emotes,1
fall,1
lowering,1
requiring,1
preventing,1
adjustments,1
matched,1
isolationism,1
budgets,1
tackles,1
thereof,1
devotion,1
western,1
hegemony,1
chip,1
retaining,1
partaking,1
censorship,1
accepts,1
window,1
opportune,1
fortnite,1
guns,1
griddy,1
essence,1
bending,1
adhere,1
backwards,1
permits,1
bedrooms,1
respectable,1
neutral,1
arbiter,1
textualism,1
politicize,1
subjecting,1
overtly,1
litmus,1
tests,1
settled,1
meaningless,1
victors,1
hits,1
lauded,1
denouncing,1
viewing,1
evaluation,1
trillions,1
foot,1
nowhere,1
incredible,1
amenities,1
contributed,1
blank,1
acquire,1
markets,1
addressed,1
legislature,1
ahem,1
towns,1
alike,1
kickstart,1
indirectly,1
ecosystem,1
boaters,1
swimmers,1
testified,1
poured,1
france,1
surprise,1
slightly,1
rural,1
urban,1
vastly,1
preamble,1
recruitment,1
praying,1
xenu,1
promotion,1
industrial,1
pockets,1
match,1
tells,1
burdened,1
lions,1
earmark,1
armament,1
crystal,1
fulfilling,1
s13,1
hopes,1
strings,1
bind,1
complication,1
types,1
mountain,1
snails,1
mostly,1
townships,1
cities,1
copper,1
fisherman,1
witnessed,1
bus,1
gentlema,1
cuts,1
snowflake,1
decorate,1
nays,1
disappointment,1
shredded,1
decades,1
protocols,1
animals,1
soapbox,1
expenditures,1
gum,1
thirds,1
sneezed,1
walking,1
ugh,1
sticks,1
hangs,1
scp,1
governed,1
suspending,1
permissible,1
board,1
construed,1
withdrawing,1
revising,1
waivers,1
statutory,1
prohibition,1
cooperative,1
smacks,1
layed,1
arguing,1
saving,1
asset,1
agression,1
hostility,1
oppressive,1
vessel,1
idly,1
putin,1
resist,1
repeated,1
agress,1
steal,1
confiscate,1
humiliated,1
stratification,1
disproportionately,1
relishes,1
youthfulness,1
discontinued,1
secondary,1
strange,1
confiscation,1
workforce,1
english,1
rifle,1
hypocritical,1
inconsistent,1
kuwait,1
reputation,1
treatment,1
counterterrorism,1
ban,1
sex,1
stripping,1
lest,1
mighty,1
plays,1
countering,1
piracy,1
horn,1
claiming,1
wished,1
popcorn,1
varminting,1
kids,1
governments,1
contributing,1
routes,1
intercity,1
deficit,1
indicates,1
appeased,1
detroit,1
mi,1
burden,1
traditional,1
locomotives,1
actors,1
afforded,1
construct,1
nears,1
model,1
centers,1
commuters,1
weekend,1
vacation,1
thereby,1
profitability,1
notoriously,1
prescribe,1
controlled,1
lay,1
delicate,1
classroom,1
promethian,1
heck,1
supplies,1
pencils,1
vicious,1
difference,1
smarts,1
prescribed,1
easy,1
algebra,1
objective,1
fulfil,1
retaliation,1
polticial,1
stepped,1
asian,1
sour,1
advisers,1
crumbling,1
availability,1
kingdom,1
reign,1
observe,1
whispers,1
patriotic,1
slay,1
queen,1
perform,1
spectacularly,1
academic,1
fled,1
rushes,1
secretaries,1
shoot,1
publications,1
sponsored,1
trend,1
reaching,1
mumbles,1
chat,1
promises,1
repentance,1
soften,1
mercy,1
jump,1
sofas,1
representation,1
tweeting,1
mocking,1
expects,1
bows,1
dear,1
heavenly,1
troubled,1
mourns,1
journalists,1
comfort,1
surround,1
courage,1
healing,1
injured,1
guiding,1
hatred,1
subsequent,1
confer,1
btw,1
funny,1
earning,1
penny,1
curbing,1
transactions,1
switzerland,1
20th,1
enable,1
speculation,1
grossly,1
swamped,1
anger,1
congratulatory,1
fraudulent,1
affront,1
legitimization,1
illegitimate,1
oppression,1
endured,1
languishing,1
cents,1
remaining,1
unwavering,1
denote,1
answering,1
unconvinced,1
elder,1
disability,1
knowledgeable,1
advancing,1
debacle,1
mrs,1
trail,1
closely,1
shifted,1
disappoints,1
disappeared,1
disappearing,1
steadfast,1
protest,1
tremendously,1
luxemburg,1
aligns,1
inability,1
shoved,1
combine,1
whoops,1
farewell,1
wears,1
fanciest,1
tophat,1
hoped,1
july,1
representing,1
bestow,1
transition,1
dine,1
rescind,1
gavels,1
popping,1
exaggerating,1
refrains,1
synonymous,1
tick,1
gallery,1
stank,1
fired,1
didnt,1
sincerely,1
kid,1
enabling,1
wheel,1
troop,1
cuddling,1
autocratic,1
unfreezing,1
worry,1
tanks,1
nesting,1
warships,1
amplifying,1
taiwan,1
flooding,1
weakened,1
unaniumous,1
multuple,1
reconsidering,1
k,1
cunt,1
lil,1
ends,1
gimmick,1
cameras,1
closes,1
reestablished,1
ignoring,1
plastic,1
recycling,1
dye,1
hydroponics,1
buffalo,1
starved,1
rock,1
northwest,1
angle,1
connection,1
packs,1
10pm,1
9pm,1
glitching,1
meager,1
pupil,1
18th,1
cokehead,1
hr,1
eyed,1
undergo,1
calm,1
pedophile,1
beater,1
gif,1
smoking,1
describe,1
whispered,1
tic,1
brother,1
bangs,1
sand,1
octagon,1
thankful,1
reminder,1
bald,1
eagle,1
screech,1
bug,1
stays,1
